Year Drafted,Player,Rk,Player Link
2000,Kenyon Martin,1,/players/m/martike01.html
2000,Stromile Swift,2,/players/s/swiftst01.html
2000,Darius Miles,3,/players/m/milesda01.html
2000,Marcus Fizer,4,/players/f/fizerma01.html
2000,Mike Miller,5,/players/m/millemi01.html
2000,DerMarr Johnson,6,/players/j/johnsde03.html
2000,Chris Mihm,7,/players/m/mihmch01.html
2000,Jamal Crawford,8,/players/c/crawfja01.html
2000,Joel Przybilla,9,/players/p/przybjo01.html
2000,Keyon Dooling,10,/players/d/doolike01.html
2000,Jérôme Moïso,11,/players/m/moisoje01.html
2000,Etan Thomas,12,/players/t/thomaet01.html
2000,Courtney Alexander,13,/players/a/alexaco02.html
2000,Mateen Cleaves,14,/players/c/cleavma01.html
2000,Jason Collier,15,/players/c/collija02.html
2000,Hedo Türkoğlu,16,/players/t/turkohe01.html
2000,Desmond Mason,17,/players/m/masonde01.html
2000,Quentin Richardson,18,/players/r/richaqu01.html
2000,Jamaal Magloire,19,/players/m/magloja01.html
2000,Speedy Claxton,20,/players/c/claxtsp01.html
2000,Morris Peterson,21,/players/p/petermo01.html
2000,Donnell Harvey,22,/players/h/harvedo01.html
2000,DeShawn Stevenson,23,/players/s/stevede01.html
2000,Dalibor Bagarić,24,/players/b/bagarda01.html
2000,Jake Tsakalidis,25,/players/t/tsakaja01.html
2000,Mamadou N'Diaye,26,/players/n/ndiayma02.html
2000,Primož Brezec,27,/players/b/brezepr01.html
2000,Erick Barkley,28,/players/b/barkler01.html
2000,Mark Madsen,29,/players/m/madsema01.html
2000,Marko Jarić,30,/players/j/jaricma01.html
2000,Dan Langhi,31,/players/l/langhda01.html
2000,A.J. Guyton,32,/players/g/guytoaj01.html
2000,Jake Voskuhl,33,/players/v/voskuja01.html
2000,Khalid El-Amin,34,/players/e/elamikh01.html
2000,Mike Smith,35,/players/s/smithmi03.html
2000,Soumaila Samake,36,/players/s/samakso01.html
2000,Eddie House,37,/players/h/houseed01.html
2000,Eduardo Nájera,38,/players/n/najered01.html
2000,Lavor Postell,39,/players/p/postela01.html
2000,Hanno Möttölä,40,/players/m/mottoha01.html
2000,Chris Carrawell,41,/players/c/carrach01.html
2000,Olumide Oyedeji,42,/players/o/oyedeol01.html
2000,Michael Redd,43,/players/r/reddmi01.html
2000,Brian Cardinal,44,/players/c/cardibr01.html
2000,Jabari Smith,45,/players/s/smithja01.html
2000,DeeAndre Hulett,46,/players/h/huletde01.html
2000,Josip Sesar,47,/players/s/sesarjo01.html
2000,Mark Karcher,48,/players/k/karchma01.html
2000,Jason Hart,49,/players/h/hartja01.html
2000,Kaniel Dickens,50,/players/d/dickeka01.html
2000,Igor Rakočević,51,/players/r/rakocig01.html
2000,Ernest Brown,52,/players/b/browner01.html
2000,Dan McClintock,53,/players/m/mcclida01.html
2000,Cory Hightower,54,/players/h/hightco01.html
2000,Chris Porter,55,/players/p/portech01.html
2000,Jaquay Walls,56,/players/w/wallsja01.html
2000,Scoonie Penn,57,/players/p/pennsc01.html
2000,Pete Mickeal,58,/players/m/mickepe01.html
2001,Kwame Brown,1,/players/b/brownkw01.html
2001,Tyson Chandler,2,/players/c/chandty01.html
2001,Pau Gasol,3,/players/g/gasolpa01.html
2001,Eddy Curry,4,/players/c/curryed01.html
2001,Jason Richardson,5,/players/r/richaja01.html
2001,Shane Battier,6,/players/b/battish01.html
2001,Eddie Griffin,7,/players/g/griffed01.html
2001,DeSagana Diop,8,/players/d/diopde01.html
2001,Rodney White,9,/players/w/whitero02.html
2001,Joe Johnson,10,/players/j/johnsjo02.html
2001,Kedrick Brown,11,/players/b/brownke01.html
2001,Vladimir Radmanović,12,/players/r/radmavl01.html
2001,Richard Jefferson,13,/players/j/jefferi01.html
2001,Troy Murphy,14,/players/m/murphtr01.html
2001,Steven Hunter,15,/players/h/huntest01.html
2001,Kirk Haston,16,/players/h/hastoki01.html
2001,Michael Bradley,17,/players/b/bradlmi01.html
2001,Jason Collins,18,/players/c/collija04.html
2001,Zach Randolph,19,/players/r/randoza01.html
2001,Brendan Haywood,20,/players/h/haywobr01.html
2001,Joseph Forte,21,/players/f/fortejo01.html
2001,Jeryl Sasser,22,/players/s/sasseje01.html
2001,Brandon Armstrong,23,/players/a/armstbr01.html
2001,Raül López,24,/players/l/lopezra01.html
2001,Gerald Wallace,25,/players/w/wallage01.html
2001,Samuel Dalembert,26,/players/d/dalemsa01.html
2001,Jamaal Tinsley,27,/players/t/tinslja01.html
2001,Tony Parker,28,/players/p/parketo01.html
2001,Trenton Hassell,30,/players/h/hassetr01.html
2001,Gilbert Arenas,31,/players/a/arenagi01.html
2001,Omar Cook,32,/players/c/cookom01.html
2001,Will Solomon,33,/players/s/solomwi01.html
2001,Terence Morris,34,/players/m/morrite01.html
2001,Brian Scalabrine,35,/players/s/scalabr01.html
2001,Jeff Trepagnier,36,/players/t/trepaje01.html
2001,Damone Brown,37,/players/b/brownda02.html
2001,Mehmet Okur,38,/players/o/okurme01.html
2001,Michael Wright,39,/players/w/wrighmi01.html
2001,Earl Watson,40,/players/w/watsoea01.html
2001,Jamison Brewer,41,/players/b/breweja01.html
2001,Bobby Simmons,42,/players/s/simmobo01.html
2001,Eric Chenowith,43,/players/c/chenoer01.html
2001,Kyle Hill,44,/players/h/hillky01.html
2001,Sean Lampley,45,/players/l/lamplse01.html
2001,Loren Woods,46,/players/w/woodslo01.html
2001,Ousmane Cisse,47,/players/c/cisseou01.html
2001,Antonis Fotsis,48,/players/f/fotsian01.html
2001,Ken Johnson,49,/players/j/johnske03.html
2001,Ruben Boumtje-Boumtje,50,/players/b/boumtru01.html
2001,Alton Ford,51,/players/f/fordal02.html
2001,Andre Hutson,52,/players/h/hutsoan01.html
2001,Jarron Collins,53,/players/c/collija03.html
2001,Kenny Satterfield,54,/players/s/satteke01.html
2001,Maurice Jeffers,55,/players/j/jeffema01.html
2001,Robertas Javtokas,56,/players/j/javtoro01.html
2001,Alvin Jones,57,/players/j/jonesal01.html
2001,Bryan Bracey,58,/players/b/bracebr01.html
2002,Yao Ming,1,/players/m/mingya01.html
2002,Jay Williams,2,/players/w/willija03.html
2002,Mike Dunleavy,3,/players/d/dunlemi02.html
2002,Drew Gooden,4,/players/g/goodedr01.html
2002,Nikoloz Tskitishvili,5,/players/t/tskitni01.html
2002,Dajuan Wagner,6,/players/w/wagneda02.html
2002,Nenê,7,/players/h/hilarne01.html
2002,Chris Wilcox,8,/players/w/wilcoch01.html
2002,Amar'e Stoudemire,9,/players/s/stoudam01.html
2002,Caron Butler,10,/players/b/butleca01.html
2002,Jared Jeffries,11,/players/j/jeffrja01.html
2002,Melvin Ely,12,/players/e/elyme01.html
2002,Marcus Haislip,13,/players/h/haislma01.html
2002,Fred Jones,14,/players/j/jonesfr01.html
2002,Boštjan Nachbar,15,/players/n/nachbbo01.html
2002,Jiří Welsch,16,/players/w/welscji01.html
2002,Juan Dixon,17,/players/d/dixonju01.html
2002,Curtis Borchardt,18,/players/b/borchcu01.html
2002,Ryan Humphrey,19,/players/h/humphry01.html
2002,Kareem Rush,20,/players/r/rushka01.html
2002,Qyntel Woods,21,/players/w/woodsqy01.html
2002,Casey Jacobsen,22,/players/j/jacobca01.html
2002,Tayshaun Prince,23,/players/p/princta01.html
2002,Nenad Krstić,24,/players/k/krstine01.html
2002,Frank Williams,25,/players/w/willifr02.html
2002,John Salmons,26,/players/s/salmojo01.html
2002,Chris Jefferies,27,/players/j/jeffech01.html
2002,Dan Dickau,28,/players/d/dickada01.html
2002,Steve Logan,30,/players/l/loganst01.html
2002,Roger Mason,31,/players/m/masonro01.html
2002,Robert Archibald,32,/players/a/archiro01.html
2002,Vincent Yarbrough,33,/players/y/yarbrvi01.html
2002,Dan Gadzuric,34,/players/g/gadzuda01.html
2002,Carlos Boozer,35,/players/b/boozeca01.html
2002,Milos Vujanic,36,/players/v/vujanmi01.html
2002,David Andersen,37,/players/a/anderda03.html
2002,Tito Maddox,38,/players/m/maddoti01.html
2002,Rod Grizzard,39,/players/g/grizzro01.html
2002,Juan Carlos Navarro,40,/players/n/navarju01.html
2002,Mario Kasun,41,/players/k/kasunma01.html
2002,Ronald Murray,42,/players/m/murraro01.html
2002,Jason Jennings,43,/players/j/jennija01.html
2002,Lonny Baxter,44,/players/b/baxtelo01.html
2002,Sam Clancy,45,/players/c/clancsa02.html
2002,Matt Barnes,46,/players/b/barnema02.html
2002,Jamal Sampson,47,/players/s/sampsja01.html
2002,Chris Owens,48,/players/o/owensch01.html
2002,Peter Fehse,49,/players/f/fehsepe01.html
2002,Darius Songaila,50,/players/s/songada01.html
2002,Federico Kammerichs,51,/players/k/kammefe01.html
2002,Marcus Taylor,52,/players/t/tayloma03.html
2002,Rasual Butler,53,/players/b/butlera01.html
2002,Tamar Slay,54,/players/s/slayta01.html
2002,Mladen Sekularac,55,/players/s/sekulml01.html
2002,Luis Scola,56,/players/s/scolalu01.html
2002,Randy Holcomb,57,/players/h/holcora01.html
2002,Corsley Edwards,58,/players/e/edwarco01.html
2003,LeBron James,1,/players/j/jamesle01.html
2003,Darko Miličić,2,/players/m/milicda01.html
2003,Carmelo Anthony,3,/players/a/anthoca01.html
2003,Chris Bosh,4,/players/b/boshch01.html
2003,Dwyane Wade,5,/players/w/wadedw01.html
2003,Chris Kaman,6,/players/k/kamanch01.html
2003,Kirk Hinrich,7,/players/h/hinriki01.html
2003,T.J. Ford,8,/players/f/fordtj01.html
2003,Mike Sweetney,9,/players/s/sweetmi01.html
2003,Jarvis Hayes,10,/players/h/hayesja01.html
2003,Mickaël Piétrus,11,/players/p/pietrmi01.html
2003,Nick Collison,12,/players/c/collini01.html
2003,Marcus Banks,13,/players/b/banksma01.html
2003,Luke Ridnour,14,/players/r/ridnolu01.html
2003,Reece Gaines,15,/players/g/gainere01.html
2003,Troy Bell,16,/players/b/belltr01.html
2003,Žarko Čabarkapa,17,/players/c/cabarza01.html
2003,David West,18,/players/w/westda01.html
2003,Sasha Pavlović,19,/players/p/pavloal01.html
2003,Dahntay Jones,20,/players/j/jonesda02.html
2003,Boris Diaw,21,/players/d/diawbo01.html
2003,Zoran Planinić,22,/players/p/planizo01.html
2003,Travis Outlaw,23,/players/o/outlatr01.html
2003,Brian Cook,24,/players/c/cookbr01.html
2003,Carlos Delfino,25,/players/d/delfica01.html
2003,Ndudi Ebi,26,/players/e/ebind01.html
2003,Kendrick Perkins,27,/players/p/perkike01.html
2003,Leandro Barbosa,28,/players/b/barbole01.html
2003,Josh Howard,29,/players/h/howarjo01.html
2003,Maciej Lampe,30,/players/l/lampema01.html
2003,Jason Kapono,31,/players/k/kaponja01.html
2003,Luke Walton,32,/players/w/waltolu01.html
2003,Jerome Beasley,33,/players/b/beaslje01.html
2003,Sofoklis Schortsanitis,34,/players/s/schorso01.html
2003,Szymon Szewczyk,35,/players/s/szewcsz01.html
2003,Mario Austin,36,/players/a/austima01.html
2003,Travis Hansen,37,/players/h/hansetr01.html
2003,Steve Blake,38,/players/b/blakest01.html
2003,Slavko Vraneš,39,/players/v/vranesl01.html
2003,Derrick Zimmerman,40,/players/z/zimmede01.html
2003,Willie Green,41,/players/g/greenwi01.html
2003,Zaza Pachulia,42,/players/p/pachuza01.html
2003,Keith Bogans,43,/players/b/boganke01.html
2003,Malick Badiane,44,/players/b/badiama01.html
2003,Matt Bonner,45,/players/b/bonnema01.html
2003,Sani Bečirovič,46,/players/b/becirsa01.html
2003,Mo Williams,47,/players/w/willima01.html
2003,James Lang,48,/players/l/langja01.html
2003,James Jones,49,/players/j/jonesja02.html
2003,Paccelis Morlende,50,/players/m/morlepa01.html
2003,Kyle Korver,51,/players/k/korveky01.html
2003,Remon van de Hare,52,/players/v/vandera01.html
2003,Tommy Smith,53,/players/s/smithto03.html
2003,Nedžad Sinanović,54,/players/s/sinanne01.html
2003,Rick Rickert,55,/players/r/rickeri01.html
2003,Brandon Hunter,56,/players/h/huntebr01.html
2003,Xue Yuyang,57,/players/y/yuyanxu01.html
2003,Andreas Glyniadakis,58,/players/g/glynian01.html
2004,Dwight Howard,1,/players/h/howardw01.html
2004,Emeka Okafor,2,/players/o/okafoem01.html
2004,Ben Gordon,3,/players/g/gordobe01.html
2004,Shaun Livingston,4,/players/l/livinsh01.html
2004,Devin Harris,5,/players/h/harride01.html
2004,Josh Childress,6,/players/c/childjo01.html
2004,Luol Deng,7,/players/d/denglu01.html
2004,Rafael Araújo,8,/players/a/araujra01.html
2004,Andre Iguodala,9,/players/i/iguodan01.html
2004,Luke Jackson,10,/players/j/jackslu02.html
2004,Andris Biedriņš,11,/players/b/biedran01.html
2004,Robert Swift,12,/players/s/swiftro01.html
2004,Sebastian Telfair,13,/players/t/telfase01.html
2004,Kris Humphries,14,/players/h/humphkr01.html
2004,Al Jefferson,15,/players/j/jeffeal01.html
2004,Kirk Snyder,16,/players/s/snydeki01.html
2004,Josh Smith,17,/players/s/smithjo03.html
2004,J.R. Smith,18,/players/s/smithjr01.html
2004,Dorell Wright,19,/players/w/wrighdo01.html
2004,Jameer Nelson,20,/players/n/nelsoja01.html
2004,Pavel Podkolzin,21,/players/p/podkopa01.html
2004,Viktor Khryapa,22,/players/k/khryavi01.html
2004,Sergei Monia,23,/players/m/moniase01.html
2004,Delonte West,24,/players/w/westde01.html
2004,Tony Allen,25,/players/a/allento01.html
2004,Kevin Martin,26,/players/m/martike02.html
2004,Sasha Vujačić,27,/players/v/vujacsa01.html
2004,Beno Udrih,28,/players/u/udrihbe01.html
2004,David Harrison,29,/players/h/harrida01.html
2004,Anderson Varejão,31,/players/v/varejan01.html
2004,Jackson Vroman,32,/players/v/vromaja01.html
2004,Peter John Ramos,33,/players/r/ramospe01.html
2004,Lionel Chalmers,34,/players/c/chalmli01.html
2004,Donta Smith,35,/players/s/smithdo04.html
2004,Andre Emmett,36,/players/e/emmetan01.html
2004,Antonio Burks,37,/players/b/burksan01.html
2004,Royal Ivey,38,/players/i/iveyro01.html
2004,Chris Duhon,39,/players/d/duhonch01.html
2004,Albert Miralles,40,/players/m/miralal01.html
2004,Justin Reed,41,/players/r/reedju01.html
2004,David Young,42,/players/y/youngda02.html
2004,Viktor Sanikidze,43,/players/s/sanikvi01.html
2004,Trevor Ariza,44,/players/a/arizatr01.html
2004,Tim Pickett,45,/players/p/picketi02.html
2004,Bernard Robinson,46,/players/r/robinbe01.html
2004,Ha Seung-Jin,47,/players/s/seungha01.html
2004,Pape Sow,48,/players/s/sowpa01.html
2004,Ricky Minard,49,/players/m/minarri01.html
2004,Sergei Lishouk,50,/players/l/lishcse01.html
2004,Vassilis Spanoulis,51,/players/s/spanova01.html
2004,Christian Drejer,52,/players/d/drejech01.html
2004,Romain Sato,53,/players/s/satoro01.html
2004,Matt Freije,54,/players/f/freijma01.html
2004,Rickey Paulding,55,/players/p/pauldri01.html
2004,Luis Flores,56,/players/f/florelu01.html
2004,Marcus Douthit,57,/players/d/douthma01.html
2004,Sergei Karaulov,58,/players/k/karause01.html
2004,Blake Stepp,59,/players/s/steppbl01.html
2004,Rashad Wright,60,/players/w/wrighra01.html
2005,Andrew Bogut,1,/players/b/bogutan01.html
2005,Marvin Williams,2,/players/w/willima02.html
2005,Deron Williams,3,/players/w/willide01.html
2005,Chris Paul,4,/players/p/paulch01.html
2005,Raymond Felton,5,/players/f/feltora01.html
2005,Martell Webster,6,/players/w/webstma02.html
2005,Charlie Villanueva,7,/players/v/villach01.html
2005,Channing Frye,8,/players/f/fryech01.html
2005,Ike Diogu,9,/players/d/dioguik01.html
2005,Andrew Bynum,10,/players/b/bynuman01.html
2005,Fran Vázquez,11,/players/v/vazqufr01.html
2005,Yaroslav Korolev,12,/players/k/korolya01.html
2005,Sean May,13,/players/m/mayse01.html
2005,Rashad McCants,14,/players/m/mccanra01.html
2005,Antoine Wright,15,/players/w/wrighan01.html
2005,Joey Graham,16,/players/g/grahajo01.html
2005,Danny Granger,17,/players/g/grangda01.html
2005,Gerald Green,18,/players/g/greenge01.html
2005,Hakim Warrick,19,/players/w/warriha01.html
2005,Julius Hodge,20,/players/h/hodgeju01.html
2005,Nate Robinson,21,/players/r/robinna01.html
2005,Jarrett Jack,22,/players/j/jackja01.html
2005,Francisco García,23,/players/g/garcifr01.html
2005,Luther Head,24,/players/h/headlu01.html
2005,Johan Petro,25,/players/p/petrojo01.html
2005,Jason Maxiell,26,/players/m/maxieja01.html
2005,Linas Kleiza,27,/players/k/kleizli01.html
2005,Ian Mahinmi,28,/players/m/mahinia01.html
2005,Wayne Simien,29,/players/s/simiewa01.html
2005,David Lee,30,/players/l/leeda02.html
2005,Salim Stoudamire,31,/players/s/stoudsa01.html
2005,Daniel Ewing,32,/players/e/ewingda01.html
2005,Brandon Bass,33,/players/b/bassbr01.html
2005,C.J. Miles,34,/players/m/milescj01.html
2005,Ricky Sánchez,35,/players/s/sanchri01.html
2005,Ersan İlyasova,36,/players/i/ilyaser01.html
2005,Ronny Turiaf,37,/players/t/turiaro01.html
2005,Travis Diener,38,/players/d/dienetr01.html
2005,Von Wafer,39,/players/w/wafervo01.html
2005,Monta Ellis,40,/players/e/ellismo01.html
2005,Roko Ukić,41,/players/u/ukicro01.html
2005,Chris Taft,42,/players/t/taftch01.html
2005,Mile Ilić,43,/players/i/ilicmi01.html
2005,Martynas Andriuškevičius,44,/players/a/andrima01.html
2005,Lou Williams,45,/players/w/willilo02.html
2005,Erazem Lorbek,46,/players/l/lorbeer01.html
2005,Bracey Wright,47,/players/w/wrighbr02.html
2005,Mickaël Gelabale,48,/players/g/gelabmi01.html
2005,Andray Blatche,49,/players/b/blatcan01.html
2005,Ryan Gomes,50,/players/g/gomesry01.html
2005,Robert Whaley,51,/players/w/whalero01.html
2005,Axel Hervelle,52,/players/h/herveax01.html
2005,Orien Greene,53,/players/g/greenor01.html
2005,Dijon Thompson,54,/players/t/thompdi01.html
2005,Lawrence Roberts,55,/players/r/roberla01.html
2005,Amir Johnson,56,/players/j/johnsam01.html
2005,Marcin Gortat,57,/players/g/gortama01.html
2005,Uroš Slokar,58,/players/s/slokaur01.html
2005,Cenk Akyol,59,/players/a/akyolce01.html
2005,Alex Acker,60,/players/a/ackeral01.html
2006,Andrea Bargnani,1,/players/b/bargnan01.html
2006,LaMarcus Aldridge,2,/players/a/aldrila01.html
2006,Adam Morrison,3,/players/m/morriad01.html
2006,Tyrus Thomas,4,/players/t/thomaty01.html
2006,Shelden Williams,5,/players/w/willish02.html
2006,Brandon Roy,6,/players/r/roybr01.html
2006,Randy Foye,7,/players/f/foyera01.html
2006,Rudy Gay,8,/players/g/gayru01.html
2006,Patrick O'Bryant,9,/players/o/obryapa01.html
2006,Mouhamed Sene,10,/players/s/senesa01.html
2006,J.J. Redick,11,/players/r/redicjj01.html
2006,Hilton Armstrong,12,/players/a/armsthi01.html
2006,Thabo Sefolosha,13,/players/s/sefolth01.html
2006,Ronnie Brewer,14,/players/b/brewero02.html
2006,Cedric Simmons,15,/players/s/simmoce01.html
2006,Rodney Carney,16,/players/c/carnero01.html
2006,Shawne Williams,17,/players/w/willish03.html
2006,Oleksiy Pecherov,18,/players/p/pecheol01.html
2006,Quincy Douby,19,/players/d/doubyqu01.html
2006,Renaldo Balkman,20,/players/b/balkmre01.html
2006,Rajon Rondo,21,/players/r/rondora01.html
2006,Marcus Williams,22,/players/w/willima03.html
2006,Josh Boone,23,/players/b/boonejo01.html
2006,Kyle Lowry,24,/players/l/lowryky01.html
2006,Shannon Brown,25,/players/b/brownsh01.html
2006,Jordan Farmar,26,/players/f/farmajo01.html
2006,Sergio Rodríguez,27,/players/r/rodrise01.html
2006,Maurice Ager,28,/players/a/agerma01.html
2006,Mardy Collins,29,/players/c/collima01.html
2006,Joel Freeland,30,/players/f/freeljo01.html
2006,James White,31,/players/w/whiteja02.html
2006,Steve Novak,32,/players/n/novakst01.html
2006,Solomon Jones,33,/players/j/jonesso01.html
2006,Paul Davis,34,/players/d/davispa01.html
2006,P.J. Tucker,35,/players/t/tuckepj01.html
2006,Craig Smith,36,/players/s/smithcr01.html
2006,Bobby Jones,37,/players/j/jonesbo02.html
2006,Kosta Perović,38,/players/p/perovko01.html
2006,David Noel,39,/players/n/noelda01.html
2006,Denham Brown,40,/players/b/brownde05.html
2006,James Augustine,41,/players/a/augusja01.html
2006,Daniel Gibson,42,/players/g/gibsoda01.html
2006,Marcus Vinicius,43,/players/v/vincima01.html
2006,Lior Eliyahu,44,/players/e/eliyali01.html
2006,Alexander Johnson,45,/players/j/johnsal01.html
2006,Dee Brown,46,/players/b/brownde03.html
2006,Paul Millsap,47,/players/m/millspa01.html
2006,Vladimir Veremeenko,48,/players/v/veremvl01.html
2006,Leon Powe,49,/players/p/powele01.html
2006,Ryan Hollins,50,/players/h/holliry01.html
2006,Cheikh Samb,51,/players/s/sambch01.html
2006,Guillermo Díaz,52,/players/d/diazgu01.html
2006,Yotam Halperin,53,/players/h/halpeyo01.html
2006,Hassan Adams,54,/players/a/adamsha01.html
2006,Ejike Ugboaja,55,/players/u/ugboaej01.html
2006,Edin Bavčić,56,/players/b/bavcied01.html
2006,Loukas Mavrokefalidis,57,/players/m/mavrolo01.html
2006,J.R. Pinnock,58,/players/p/pinnojr01.html
2006,Damir Markota,59,/players/m/markoda01.html
2006,Will Blalock,60,/players/b/blalowi01.html
2007,Greg Oden,1,/players/o/odengr01.html
2007,Kevin Durant,2,/players/d/duranke01.html
2007,Al Horford,3,/players/h/horfoal01.html
2007,Mike Conley,4,/players/c/conlemi01.html
2007,Jeff Green,5,/players/g/greenje02.html
2007,Yi Jianlian,6,/players/j/jianlyi01.html
2007,Corey Brewer,7,/players/b/breweco01.html
2007,Brandan Wright,8,/players/w/wrighbr03.html
2007,Joakim Noah,9,/players/n/noahjo01.html
2007,Spencer Hawes,10,/players/h/hawessp01.html
2007,Acie Law,11,/players/l/lawac01.html
2007,Thaddeus Young,12,/players/y/youngth01.html
2007,Julian Wright,13,/players/w/wrighju01.html
2007,Al Thornton,14,/players/t/thornal01.html
2007,Rodney Stuckey,15,/players/s/stuckro01.html
2007,Nick Young,16,/players/y/youngni01.html
2007,Sean Williams,17,/players/w/willise01.html
2007,Marco Belinelli,18,/players/b/belinma01.html
2007,Javaris Crittenton,19,/players/c/crittja01.html
2007,Jason Smith,20,/players/s/smithja02.html
2007,Daequan Cook,21,/players/c/cookda02.html
2007,Jared Dudley,22,/players/d/dudleja01.html
2007,Wilson Chandler,23,/players/c/chandwi01.html
2007,Rudy Fernández,24,/players/f/fernaru01.html
2007,Morris Almond,25,/players/a/almonmo01.html
2007,Aaron Brooks,26,/players/b/brookaa01.html
2007,Arron Afflalo,27,/players/a/afflaar01.html
2007,Tiago Splitter,28,/players/s/splitti01.html
2007,Alando Tucker,29,/players/t/tuckeal02.html
2007,Petteri Koponen,30,/players/k/koponpe01.html
2007,Carl Landry,31,/players/l/landrca01.html
2007,Gabe Pruitt,32,/players/p/pruitga01.html
2007,Marcus Williams,33,/players/w/willima04.html
2007,Nick Fazekas,34,/players/f/fazekni01.html
2007,Glen Davis,35,/players/d/davisgl01.html
2007,Jermareo Davidson,36,/players/d/davidje01.html
2007,Josh McRoberts,37,/players/m/mcrobjo01.html
2007,Kyrylo Fesenko,38,/players/f/fesenky01.html
2007,Stanko Barać,39,/players/b/baracst01.html
2007,Sun Yue,40,/players/y/yuesu01.html
2007,Chris Richard,41,/players/r/richach01.html
2007,Derrick Byars,42,/players/b/byarsde01.html
2007,Adam Haluska,43,/players/h/halusad02.html
2007,Reyshawn Terry,44,/players/t/terryre01.html
2007,Jared Jordan,45,/players/j/jordaja01.html
2007,Stéphane Lasme,46,/players/l/lasmest01.html
2007,Dominic McGuire,47,/players/m/mcguido01.html
2007,Marc Gasol,48,/players/g/gasolma01.html
2007,Aaron Gray,49,/players/g/grayaa01.html
2007,Renaldas Seibutis,50,/players/s/seibure01.html
2007,JamesOn Curry,51,/players/c/curryja01.html
2007,Taurean Green,52,/players/g/greenta01.html
2007,Demetris Nichols,53,/players/n/nichode01.html
2007,Brad Newley,54,/players/n/newlebr01.html
2007,Herbert Hill,55,/players/h/hillhe02.html
2007,Ramon Sessions,56,/players/s/sessira01.html
2007,Sammy Mejia,57,/players/m/mejiasa01.html
2007,Georgios Printezis,58,/players/p/printgi01.html
2007,D.J. Strawberry,59,/players/s/strawdj01.html
2007,Milovan Raković,60,/players/r/rakovmi01.html
2008,Derrick Rose,1,/players/r/rosede01.html
2008,Michael Beasley,2,/players/b/beaslmi01.html
2008,O.J. Mayo,3,/players/m/mayooj01.html
2008,Russell Westbrook,4,/players/w/westbru01.html
2008,Kevin Love,5,/players/l/loveke01.html
2008,Danilo Gallinari,6,/players/g/gallida01.html
2008,Eric Gordon,7,/players/g/gordoer01.html
2008,Joe Alexander,8,/players/a/alexajo01.html
2008,D.J. Augustin,9,/players/a/augusdj01.html
2008,Brook Lopez,10,/players/l/lopezbr01.html
2008,Jerryd Bayless,11,/players/b/bayleje01.html
2008,Jason Thompson,12,/players/t/thompja02.html
2008,Brandon Rush,13,/players/r/rushbr01.html
2008,Anthony Randolph,14,/players/r/randoan01.html
2008,Robin Lopez,15,/players/l/lopezro01.html
2008,Marreese Speights,16,/players/s/speigma01.html
2008,Roy Hibbert,17,/players/h/hibbero01.html
2008,JaVale McGee,18,/players/m/mcgeeja01.html
2008,J.J. Hickson,19,/players/h/hicksjj01.html
2008,Alexis Ajinça,20,/players/a/ajincal01.html
2008,Ryan Anderson,21,/players/a/anderry01.html
2008,Courtney Lee,22,/players/l/leeco01.html
2008,Kosta Koufos,23,/players/k/koufoko01.html
2008,Serge Ibaka,24,/players/i/ibakase01.html
2008,Nicolas Batum,25,/players/b/batumni01.html
2008,George Hill,26,/players/h/hillge01.html
2008,Darrell Arthur,27,/players/a/arthuda01.html
2008,Donté Greene,28,/players/g/greendo01.html
2008,D.J. White,29,/players/w/whitedj01.html
2008,J.R. Giddens,30,/players/g/giddejr01.html
2008,Nikola Peković,31,/players/p/pekovni01.html
2008,Walter Sharpe,32,/players/s/sharpwa01.html
2008,Joey Dorsey,33,/players/d/dorsejo01.html
2008,Mario Chalmers,34,/players/c/chalmma01.html
2008,DeAndre Jordan,35,/players/j/jordade01.html
2008,Ömer Aşık,36,/players/a/asikom01.html
2008,Luc Mbah a Moute,37,/players/m/mbahalu01.html
2008,Kyle Weaver,38,/players/w/weaveky01.html
2008,Sonny Weems,39,/players/w/weemsso01.html
2008,Chris Douglas-Roberts,40,/players/d/douglch01.html
2008,Nathan Jawai,41,/players/j/jawaina01.html
2008,Sean Singletary,42,/players/s/singlse01.html
2008,Patrick Ewing,43,/players/e/ewingpa02.html
2008,Ante Tomić,44,/players/t/tomican01.html
2008,Goran Dragić,45,/players/d/dragigo01.html
2008,Trent Plaisted,46,/players/p/plaistr02.html
2008,Henry Walker,47,/players/w/walkebi01.html
2008,Malik Hairston,48,/players/h/hairsma01.html
2008,Richard Hendrix,49,/players/h/hendrri02.html
2008,DeVon Hardin,50,/players/h/hardide01.html
2008,Shan Foster,51,/players/f/fostesh01.html
2008,Darnell Jackson,52,/players/j/jacksda01.html
2008,Tadija Dragićević,53,/players/d/dragita01.html
2008,Maarty Leunen,54,/players/l/leunema01.html
2008,Mike Taylor,55,/players/t/taylomi01.html
2008,Sasha Kaun,56,/players/k/kaunsa01.html
2008,James Gist,57,/players/g/gistja01.html
2008,Joe Crawford,58,/players/c/crawfjo01.html
2008,Deron Washington,59,/players/w/washide02.html
2008,Semih Erden,60,/players/e/erdense01.html
2009,Blake Griffin,1,/players/g/griffbl01.html
2009,Hasheem Thabeet,2,/players/t/thabeha01.html
2009,James Harden,3,/players/h/hardeja01.html
2009,Tyreke Evans,4,/players/e/evansty01.html
2009,Ricky Rubio,5,/players/r/rubiori01.html
2009,Jonny Flynn,6,/players/f/flynnjo01.html
2009,Stephen Curry,7,/players/c/curryst01.html
2009,Jordan Hill,8,/players/h/hilljo01.html
2009,DeMar DeRozan,9,/players/d/derozde01.html
2009,Brandon Jennings,10,/players/j/jennibr01.html
2009,Terrence Williams,11,/players/w/willite01.html
2009,Gerald Henderson,12,/players/h/hendege02.html
2009,Tyler Hansbrough,13,/players/h/hansbty01.html
2009,Earl Clark,14,/players/c/clarkea01.html
2009,Austin Daye,15,/players/d/dayeau01.html
2009,James Johnson,16,/players/j/johnsja01.html
2009,Jrue Holiday,17,/players/h/holidjr01.html
2009,Ty Lawson,18,/players/l/lawsoty01.html
2009,Jeff Teague,19,/players/t/teaguje01.html
2009,Eric Maynor,20,/players/m/maynoer01.html
2009,Darren Collison,21,/players/c/collida01.html
2009,Victor Claver,22,/players/c/clavevi01.html
2009,Omri Casspi,23,/players/c/casspom01.html
2009,Byron Mullens,24,/players/m/mulleby01.html
2009,Rodrigue Beaubois,25,/players/b/beaubro01.html
2009,Taj Gibson,26,/players/g/gibsota01.html
2009,DeMarre Carroll,27,/players/c/carrode01.html
2009,Wayne Ellington,28,/players/e/ellinwa01.html
2009,Toney Douglas,29,/players/d/douglto01.html
2009,Christian Eyenga,30,/players/e/eyengch01.html
2009,Jeff Ayres,31,/players/p/pendeje02.html
2009,Jermaine Taylor,32,/players/t/tayloje02.html
2009,Dante Cunningham,33,/players/c/cunnida01.html
2009,Sergio Llull,34,/players/l/llullse01.html
2009,DaJuan Summers,35,/players/s/summeda01.html
2009,Sam Young,36,/players/y/youngsa01.html
2009,DeJuan Blair,37,/players/b/blairde01.html
2009,Jon Brockman,38,/players/b/brockjo01.html
2009,Jonas Jerebko,39,/players/j/jerebjo01.html
2009,Derrick Brown,40,/players/b/brownde04.html
2009,Jodie Meeks,41,/players/m/meeksjo01.html
2009,Patrick Beverley,42,/players/b/beverpa01.html
2009,Marcus Thornton,43,/players/t/thornma01.html
2009,Chase Budinger,44,/players/b/budinch01.html
2009,Nick Calathes,45,/players/c/calatni01.html
2009,Danny Green,46,/players/g/greenda02.html
2009,Henk Norel,47,/players/n/norelhe01.html
2009,Taylor Griffin,48,/players/g/griffta01.html
2009,Sergiy Gladyr,49,/players/g/gladyse01.html
2009,Goran Suton,50,/players/s/sutongo01.html
2009,Jack McClinton,51,/players/m/mcclija01.html
2009,A.J. Price,52,/players/p/priceaj01.html
2009,Nando De Colo,53,/players/d/decolna01.html
2009,Robert Vaden,54,/players/v/vadenro01.html
2009,Patty Mills,55,/players/m/millspa02.html
2009,Ahman Nivins,56,/players/n/nivinah01.html
2009,Emir Preldžić,57,/players/p/preldem01.html
2009,Lester Hudson,58,/players/h/hudsole01.html
2009,Chinemelu Elonu,59,/players/e/elonuch01.html
2009,Robert Dozier,60,/players/d/doziero01.html
2010,John Wall,1,/players/w/walljo01.html
2010,Evan Turner,2,/players/t/turneev01.html
2010,Derrick Favors,3,/players/f/favorde01.html
2010,Wesley Johnson,4,/players/j/johnswe01.html
2010,DeMarcus Cousins,5,/players/c/couside01.html
2010,Ekpe Udoh,6,/players/u/udohek01.html
2010,Greg Monroe,7,/players/m/monrogr01.html
2010,Al-Farouq Aminu,8,/players/a/aminual01.html
2010,Gordon Hayward,9,/players/h/haywago01.html
2010,Paul George,10,/players/g/georgpa01.html
2010,Cole Aldrich,11,/players/a/aldrico01.html
2010,Xavier Henry,12,/players/h/henryxa01.html
2010,Ed Davis,13,/players/d/davised01.html
2010,Patrick Patterson,14,/players/p/pattepa01.html
2010,Larry Sanders,15,/players/s/sandela01.html
2010,Luke Babbitt,16,/players/b/babbilu01.html
2010,Kevin Séraphin,17,/players/s/serapke01.html
2010,Eric Bledsoe,18,/players/b/bledser01.html
2010,Avery Bradley,19,/players/b/bradlav01.html
2010,James Anderson,20,/players/a/anderja01.html
2010,Craig Brackins,21,/players/b/brackcr01.html
2010,Elliot Williams,22,/players/w/williel01.html
2010,Trevor Booker,23,/players/b/booketr01.html
2010,Damion James,24,/players/j/jamesda01.html
2010,Dominique Jones,25,/players/j/jonesdo02.html
2010,Quincy Pondexter,26,/players/p/pondequ01.html
2010,Jordan Crawford,27,/players/c/crawfjo02.html
2010,Greivis Vásquez,28,/players/v/vasqugr01.html
2010,Daniel Orton,29,/players/o/ortonda01.html
2010,Lazar Hayward,30,/players/h/haywala01.html
2010,Tibor Pleiß,31,/players/p/pleisti01.html
2010,Dexter Pittman,32,/players/p/pittmde01.html
2010,Hassan Whiteside,33,/players/w/whiteha01.html
2010,Armon Johnson,34,/players/j/johnsar02.html
2010,Nemanja Bjelica,35,/players/b/bjeline01.html
2010,Terrico White,36,/players/w/whitete01.html
2010,Darington Hobson,37,/players/h/hobsoda01.html
2010,Andy Rautins,38,/players/r/rautian01.html
2010,Landry Fields,39,/players/f/fieldla01.html
2010,Lance Stephenson,40,/players/s/stephla01.html
2010,Jarvis Varnado,41,/players/v/varnaja01.html
2010,Da'Sean Butler,42,/players/b/butleda03.html
2010,Devin Ebanks,43,/players/e/ebankde01.html
2010,Jerome Jordan,44,/players/j/jordaje01.html
2010,Paulão Prestes,45,/players/p/prestpa01.html
2010,Gani Lawal,46,/players/l/lawalga01.html
2010,Tiny Gallon,47,/players/g/galloti01.html
2010,Latavious Williams,48,/players/w/willila01.html
2010,Ryan Richards,49,/players/r/richary01.html
2010,Solomon Alabi,50,/players/a/alabiso01.html
2010,Magnum Rolle,51,/players/r/rollema01.html
2010,Luke Harangody,52,/players/h/haranlu01.html
2010,Pape Sy,53,/players/s/sypa01.html
2010,Willie Warren,54,/players/w/warrewi01.html
2010,Jeremy Evans,55,/players/e/evansje01.html
2010,Hamady N'Diaye,56,/players/n/ndiayha01.html
2010,Ryan Reid,57,/players/r/reidry01.html
2010,Derrick Caracter,58,/players/c/caracde01.html
2010,Stanley Robinson,59,/players/r/robinst01.html
2010,Dwayne Collins,60,/players/c/collidw01.html
2011,Kyrie Irving,1,/players/i/irvinky01.html
2011,Derrick Williams,2,/players/w/willide02.html
2011,Enes Freedom,3,/players/k/kanteen01.html
2011,Tristan Thompson,4,/players/t/thomptr01.html
2011,Jonas Valančiūnas,5,/players/v/valanjo01.html
2011,Jan Veselý,6,/players/v/veselja01.html
2011,Bismack Biyombo,7,/players/b/biyombi01.html
2011,Brandon Knight,8,/players/k/knighbr03.html
2011,Kemba Walker,9,/players/w/walkeke02.html
2011,Jimmer Fredette,10,/players/f/fredeji01.html
2011,Klay Thompson,11,/players/t/thompkl01.html
2011,Alec Burks,12,/players/b/burksal01.html
2011,Markieff Morris,13,/players/m/morrima02.html
2011,Marcus Morris,14,/players/m/morrima03.html
2011,Kawhi Leonard,15,/players/l/leonaka01.html
2011,Nikola Vučević,16,/players/v/vucevni01.html
2011,Iman Shumpert,17,/players/s/shumpim01.html
2011,Chris Singleton,18,/players/s/singlch01.html
2011,Tobias Harris,19,/players/h/harrito02.html
2011,Donatas Motiejūnas,20,/players/m/motiedo01.html
2011,Nolan Smith,21,/players/s/smithno01.html
2011,Kenneth Faried,22,/players/f/farieke01.html
2011,Nikola Mirotić,23,/players/m/mirotni01.html
2011,Reggie Jackson,24,/players/j/jacksre01.html
2011,MarShon Brooks,25,/players/b/brookma01.html
2011,Jordan Hamilton,26,/players/h/hamiljo02.html
2011,JaJuan Johnson,27,/players/j/johnsja02.html
2011,Norris Cole,28,/players/c/coleno01.html
2011,Cory Joseph,29,/players/j/josepco01.html
2011,Jimmy Butler,30,/players/b/butleji01.html
2011,Bojan Bogdanović,31,/players/b/bogdabo02.html
2011,Justin Harper,32,/players/h/harpeju01.html
2011,Kyle Singler,33,/players/s/singlky01.html
2011,Shelvin Mack,34,/players/m/macksh01.html
2011,Tyler Honeycutt,35,/players/h/honeyty01.html
2011,Jordan Williams,36,/players/w/willijo03.html
2011,Trey Thompkins,37,/players/t/thomptr02.html
2011,Chandler Parsons,38,/players/p/parsoch01.html
2011,Jeremy Tyler,39,/players/t/tylerje01.html
2011,Jon Leuer,40,/players/l/leuerjo01.html
2011,Darius Morris,41,/players/m/morrida01.html
2011,Dāvis Bertāns,42,/players/b/bertada01.html
2011,Malcolm Lee,43,/players/l/leema01.html
2011,Charles Jenkins,44,/players/j/jenkich01.html
2011,Josh Harrellson,45,/players/h/harrejo01.html
2011,Andrew Goudelock,46,/players/g/goudean01.html
2011,Travis Leslie,47,/players/l/leslitr01.html
2011,Keith Benson,48,/players/b/bensoke02.html
2011,Josh Selby,49,/players/s/selbyjo01.html
2011,Lavoy Allen,50,/players/a/allenla01.html
2011,Jon Diebler,51,/players/d/diebljo01.html
2011,Vernon Macklin,52,/players/m/macklve01.html
2011,DeAndre Liggins,53,/players/l/liggide01.html
2011,Milan Mačvan,54,/players/m/macvami01.html
2011,E'Twaun Moore,55,/players/m/mooreet01.html
2011,Chukwudiebere Maduabum,56,/players/m/maduach01.html
2011,Tanguy Ngombo,57,/players/n/ngombta01.html
2011,Ater Majok,58,/players/m/majokat01.html
2011,Ádám Hanga,59,/players/h/hangaad01.html
2011,Isaiah Thomas,60,/players/t/thomais02.html
2012,Anthony Davis,1,/players/d/davisan02.html
2012,Michael Kidd-Gilchrist,2,/players/k/kiddgmi01.html
2012,Bradley Beal,3,/players/b/bealbr01.html
2012,Dion Waiters,4,/players/w/waitedi01.html
2012,Thomas Robinson,5,/players/r/robinth01.html
2012,Damian Lillard,6,/players/l/lillada01.html
2012,Harrison Barnes,7,/players/b/barneha02.html
2012,Terrence Ross,8,/players/r/rosste01.html
2012,Andre Drummond,9,/players/d/drumman01.html
2012,Austin Rivers,10,/players/r/riverau01.html
2012,Meyers Leonard,11,/players/l/leoname01.html
2012,Jeremy Lamb,12,/players/l/lambje01.html
2012,Kendall Marshall,13,/players/m/marshke01.html
2012,John Henson,14,/players/h/hensojo01.html
2012,Maurice Harkless,15,/players/h/harklma01.html
2012,Royce White,16,/players/w/whitero03.html
2012,Tyler Zeller,17,/players/z/zellety01.html
2012,Terrence Jones,18,/players/j/joneste01.html
2012,Andrew Nicholson,19,/players/n/nichoan01.html
2012,Evan Fournier,20,/players/f/fournev01.html
2012,Jared Sullinger,21,/players/s/sullija01.html
2012,Fab Melo,22,/players/m/melofa01.html
2012,John Jenkins,23,/players/j/jenkijo01.html
2012,Jared Cunningham,24,/players/c/cunnija01.html
2012,Tony Wroten,25,/players/w/wroteto01.html
2012,Miles Plumlee,26,/players/p/plumlmi01.html
2012,Arnett Moultrie,27,/players/m/moultar01.html
2012,Perry Jones,28,/players/j/jonespe01.html
2012,Marquis Teague,29,/players/t/teaguma01.html
2012,Festus Ezeli,30,/players/e/ezelife01.html
2012,Jeff Taylor,31,/players/t/tayloje03.html
2012,Tomáš Satoranský,32,/players/s/satorto01.html
2012,Bernard James,33,/players/j/jamesbe01.html
2012,Jae Crowder,34,/players/c/crowdja01.html
2012,Draymond Green,35,/players/g/greendr01.html
2012,Orlando Johnson,36,/players/j/johnsor01.html
2012,Quincy Acy,37,/players/a/acyqu01.html
2012,Quincy Miller,38,/players/m/millequ01.html
2012,Khris Middleton,39,/players/m/middlkh01.html
2012,Will Barton,40,/players/b/bartowi01.html
2012,Tyshawn Taylor,41,/players/t/tayloty01.html
2012,Doron Lamb,42,/players/l/lambdo01.html
2012,Mike Scott,43,/players/s/scottmi01.html
2012,Kim English,44,/players/e/engliki01.html
2012,Justin Hamilton,45,/players/h/hamilju01.html
2012,Darius Miller,46,/players/m/milleda01.html
2012,Kevin Murphy,47,/players/m/murphke01.html
2012,Kostas Papanikolaou,48,/players/p/papanko01.html
2012,Kyle O'Quinn,49,/players/o/oquinky01.html
2012,İzzet Türkyılmaz,50,/players/t/turkyiz01.html
2012,Kris Joseph,51,/players/j/josepkr01.html
2012,Ognjen Kuzmić,52,/players/k/kuzmiog01.html
2012,Furkan Aldemir,53,/players/a/aldemfu01.html
2012,Tornike Shengelia,54,/players/s/shengto01.html
2012,Darius Johnson-Odom,55,/players/j/johnsda03.html
2012,Tomislav Zubčić,56,/players/z/zubcito01.html
2012,İlkan Karaman,57,/players/k/karamil01.html
2012,Robbie Hummel,58,/players/h/hummero01.html
2012,Marcus Denmon,59,/players/d/denmoma01.html
2012,Robert Sacre,60,/players/s/sacrero01.html
2013,Anthony Bennett,1,/players/b/bennean01.html
2013,Victor Oladipo,2,/players/o/oladivi01.html
2013,Otto Porter Jr.,3,/players/p/porteot01.html
2013,Cody Zeller,4,/players/z/zelleco01.html
2013,Alex Len,5,/players/l/lenal01.html
2013,Nerlens Noel,6,/players/n/noelne01.html
2013,Ben McLemore,7,/players/m/mclembe01.html
2013,Kentavious Caldwell-Pope,8,/players/c/caldwke01.html
2013,Trey Burke,9,/players/b/burketr01.html
2013,CJ McCollum,10,/players/m/mccolcj01.html
2013,Michael Carter-Williams,11,/players/c/cartemi01.html
2013,Steven Adams,12,/players/a/adamsst01.html
2013,Kelly Olynyk,13,/players/o/olynyke01.html
2013,Shabazz Muhammad,14,/players/m/muhamsh01.html
2013,Giannis Antetokounmpo,15,/players/a/antetgi01.html
2013,Lucas Nogueira,16,/players/n/noguelu01.html
2013,Dennis Schröder,17,/players/s/schrode01.html
2013,Shane Larkin,18,/players/l/larkish01.html
2013,Sergey Karasev,19,/players/k/karasse01.html
2013,Tony Snell,20,/players/s/snellto01.html
2013,Gorgui Dieng,21,/players/d/dienggo01.html
2013,Mason Plumlee,22,/players/p/plumlma01.html
2013,Solomon Hill,23,/players/h/hillso01.html
2013,Tim Hardaway Jr.,24,/players/h/hardati02.html
2013,Reggie Bullock,25,/players/b/bullore01.html
2013,Andre Roberson,26,/players/r/roberan03.html
2013,Rudy Gobert,27,/players/g/goberru01.html
2013,Livio Jean-Charles,28,/players/j/jeancli01.html
2013,Archie Goodwin,29,/players/g/goodwar01.html
2013,Nemanja Nedović,30,/players/n/nedovne01.html
2013,Allen Crabbe,31,/players/c/crabbal01.html
2013,Álex Abrines,32,/players/a/abrinal01.html
2013,Carrick Felix,33,/players/f/felixca01.html
2013,Isaiah Canaan,34,/players/c/canaais01.html
2013,Glen Rice Jr.,35,/players/r/ricegl02.html
2013,Ray McCallum,36,/players/m/mccalra01.html
2013,Tony Mitchell,37,/players/m/mitchto02.html
2013,Nate Wolters,38,/players/w/woltena01.html
2013,Jeff Withey,39,/players/w/witheje01.html
2013,Grant Jerrett,40,/players/j/jerregr01.html
2013,Jamaal Franklin,41,/players/f/frankja01.html
2013,Pierre Jackson,42,/players/j/jackspi01.html
2013,Ricky Ledo,43,/players/l/ledori01.html
2013,Mike Muscala,44,/players/m/muscami01.html
2013,Marko Todorović,45,/players/t/todorma01.html
2013,Erick Green,46,/players/g/greener01.html
2013,Raul Neto,47,/players/n/netora01.html
2013,Ryan Kelly,48,/players/k/kellyry01.html
2013,Erik Murphy,49,/players/m/murpher01.html
2013,James Ennis III,50,/players/e/ennisja01.html
2013,Romero Osby,51,/players/o/osbyro01.html
2013,Lorenzo Brown,52,/players/b/brownlo01.html
2013,Colton Iverson,53,/players/i/iversco01.html
2013,Arsalan Kazemi,54,/players/k/kazemar01.html
2013,Joffrey Lauvergne,55,/players/l/lauvejo01.html
2013,Peyton Siva,56,/players/s/sivape01.html
2013,Alex Oriakhi,57,/players/o/oriakal01.html
2013,Deshaun Thomas,58,/players/t/thomade01.html
2013,Bojan Dubljević,59,/players/d/dubljbo01.html
2013,Jānis Timma,60,/players/t/timmaja01.html
2014,Andrew Wiggins,1,/players/w/wiggian01.html
2014,Jabari Parker,2,/players/p/parkeja01.html
2014,Joel Embiid,3,/players/e/embiijo01.html
2014,Aaron Gordon,4,/players/g/gordoaa01.html
2014,Dante Exum,5,/players/e/exumda01.html
2014,Marcus Smart,6,/players/s/smartma01.html
2014,Julius Randle,7,/players/r/randlju01.html
2014,Nik Stauskas,8,/players/s/stausni01.html
2014,Noah Vonleh,9,/players/v/vonleno01.html
2014,Elfrid Payton,10,/players/p/paytoel01.html
2014,Doug McDermott,11,/players/m/mcderdo01.html
2014,Dario Šarić,12,/players/s/saricda01.html
2014,Zach LaVine,13,/players/l/lavinza01.html
2014,T.J. Warren,14,/players/w/warretj01.html
2014,Adreian Payne,15,/players/p/paynead01.html
2014,Jusuf Nurkić,16,/players/n/nurkiju01.html
2014,James Young,17,/players/y/youngja01.html
2014,Tyler Ennis,18,/players/e/ennisty01.html
2014,Gary Harris,19,/players/h/harriga01.html
2014,Bruno Caboclo,20,/players/c/cabocbr01.html
2014,Mitch McGary,21,/players/m/mcgarmi01.html
2014,Jordan Adams,22,/players/a/adamsjo01.html
2014,Rodney Hood,23,/players/h/hoodro01.html
2014,Shabazz Napier,24,/players/n/napiesh01.html
2014,Clint Capela,25,/players/c/capelca01.html
2014,P.J. Hairston,26,/players/h/hairspj02.html
2014,Bogdan Bogdanović,27,/players/b/bogdabo01.html
2014,C.J. Wilcox,28,/players/w/wilcocj01.html
2014,Josh Huestis,29,/players/h/huestjo01.html
2014,Kyle Anderson,30,/players/a/anderky01.html
2014,Damien Inglis,31,/players/i/inglida01.html
2014,K.J. McDaniels,32,/players/m/mcdankj01.html
2014,Joe Harris,33,/players/h/harrijo01.html
2014,Cleanthony Early,34,/players/e/earlycl01.html
2014,Jarnell Stokes,35,/players/s/stokeja01.html
2014,Johnny O'Bryant,36,/players/o/obryajo01.html
2014,DeAndre Daniels,37,/players/d/daniede01.html
2014,Spencer Dinwiddie,38,/players/d/dinwisp01.html
2014,Jerami Grant,39,/players/g/grantje01.html
2014,Glenn Robinson III,40,/players/r/robingl02.html
2014,Nikola Jokić,41,/players/j/jokicni01.html
2014,Nick Johnson,42,/players/j/johnsni01.html
2014,Edy Tavares,43,/players/t/tavarwa01.html
2014,Markel Brown,44,/players/b/brownma02.html
2014,Dwight Powell,45,/players/p/poweldw01.html
2014,Jordan Clarkson,46,/players/c/clarkjo01.html
2014,Russ Smith,47,/players/s/smithru01.html
2014,Lamar Patterson,48,/players/p/pattela01.html
2014,Cameron Bairstow,49,/players/b/bairsca01.html
2014,Alec Brown,50,/players/b/brownal01.html
2014,Thanasis Antetokounmpo,51,/players/a/antetth01.html
2014,Vasilije Micić,52,/players/m/micicva01.html
2014,Alessandro Gentile,53,/players/g/gential01.html
2014,Nemanja Dangubić,54,/players/d/dangune01.html
2014,Semaj Christon,55,/players/c/chrisse01.html
2014,Devyn Marble,56,/players/m/marblde01.html
2014,Louis Labeyrie,57,/players/l/labeylo01.html
2014,Jordan McRae,58,/players/m/mcraejo01.html
2014,Xavier Thames,59,/players/t/thamexa01.html
2014,Cory Jefferson,60,/players/j/jeffeco01.html
2015,Karl-Anthony Towns,1,/players/t/townska01.html
2015,D'Angelo Russell,2,/players/r/russeda01.html
2015,Jahlil Okafor,3,/players/o/okafoja01.html
2015,Kristaps Porziņģis,4,/players/p/porzikr01.html
2015,Mario Hezonja,5,/players/h/hezonma01.html
2015,Willie Cauley-Stein,6,/players/c/caulewi01.html
2015,Emmanuel Mudiay,7,/players/m/mudiaem01.html
2015,Stanley Johnson,8,/players/j/johnsst04.html
2015,Frank Kaminsky,9,/players/k/kaminfr01.html
2015,Justise Winslow,10,/players/w/winslju01.html
2015,Myles Turner,11,/players/t/turnemy01.html
2015,Trey Lyles,12,/players/l/lylestr01.html
2015,Devin Booker,13,/players/b/bookede01.html
2015,Cameron Payne,14,/players/p/payneca01.html
2015,Kelly Oubre Jr.,15,/players/o/oubreke01.html
2015,Terry Rozier,16,/players/r/roziete01.html
2015,Rashad Vaughn,17,/players/v/vaughra01.html
2015,Sam Dekker,18,/players/d/dekkesa01.html
2015,Jerian Grant,19,/players/g/grantje02.html
2015,Delon Wright,20,/players/w/wrighde01.html
2015,Justin Anderson,21,/players/a/anderju01.html
2015,Bobby Portis,22,/players/p/portibo01.html
2015,Rondae Hollis-Jefferson,23,/players/h/holliro01.html
2015,Tyus Jones,24,/players/j/jonesty01.html
2015,Jarell Martin,25,/players/m/martija01.html
2015,Nikola Milutinov,26,/players/m/milutni01.html
2015,Larry Nance Jr.,27,/players/n/nancela02.html
2015,R.J. Hunter,28,/players/h/hunterj01.html
2015,Chris McCullough,29,/players/m/mcculch01.html
2015,Kevon Looney,30,/players/l/looneke01.html
2015,Cedi Osman,31,/players/o/osmande01.html
2015,Montrezl Harrell,32,/players/h/harremo01.html
2015,Jordan Mickey,33,/players/m/mickejo01.html
2015,Anthony Brown,34,/players/b/brownan02.html
2015,Willy Hernangómez,35,/players/h/hernawi01.html
2015,Rakeem Christmas,36,/players/c/chrisra01.html
2015,Richaun Holmes,37,/players/h/holmeri01.html
2015,Darrun Hilliard,38,/players/h/hillida01.html
2015,Juan Pablo Vaulet,39,/players/v/vauleju01.html
2015,Josh Richardson,40,/players/r/richajo01.html
2015,Pat Connaughton,41,/players/c/connapa01.html
2015,Olivier Hanlan,42,/players/h/hanlaol01.html
2015,Joe Young,43,/players/y/youngjo01.html
2015,Andrew Harrison,44,/players/h/harrian01.html
2015,Marcus Thornton,45,/players/t/thornma02.html
2015,Norman Powell,46,/players/p/powelno01.html
2015,Artūras Gudaitis,47,/players/g/gudaiar01.html
2015,Dakari Johnson,48,/players/j/johnsda04.html
2015,Aaron White,49,/players/w/whiteaa01.html
2015,Marcus Eriksson,50,/players/e/eriksma01.html
2015,Tyler Harvey,51,/players/h/harvety01.html
2015,Satnam Singh,52,/players/s/singhsa01.html
2015,Sir'Dominic Pointer,53,/players/p/pointsi01.html
2015,Dani Díez,54,/players/d/diezda01.html
2015,Cady Lalanne,55,/players/l/lalanca01.html
2015,Branden Dawson,56,/players/d/dawsobr01.html
2015,Nikola Radičević,57,/players/r/radicni01.html
2015,J.P. Tokoto,58,/players/t/tokotjp01.html
2015,Dimitrios Agravanis,59,/players/a/agravdi01.html
2015,Luka Mitrović,60,/players/m/mitrolu01.html
2016,Ben Simmons,1,/players/s/simmobe01.html
2016,Brandon Ingram,2,/players/i/ingrabr01.html
2016,Jaylen Brown,3,/players/b/brownja02.html
2016,Dragan Bender,4,/players/b/bendedr01.html
2016,Kris Dunn,5,/players/d/dunnkr01.html
2016,Buddy Hield,6,/players/h/hieldbu01.html
2016,Jamal Murray,7,/players/m/murraja01.html
2016,Marquese Chriss,8,/players/c/chrisma01.html
2016,Jakob Poeltl,9,/players/p/poeltja01.html
2016,Thon Maker,10,/players/m/makerth01.html
2016,Domantas Sabonis,11,/players/s/sabondo01.html
2016,Taurean Prince,12,/players/p/princta02.html
2016,Georgios Papagiannis,13,/players/p/papagge01.html
2016,Denzel Valentine,14,/players/v/valende01.html
2016,Juancho Hernangómez,15,/players/h/hernaju01.html
2016,Guerschon Yabusele,16,/players/y/yabusgu01.html
2016,Wade Baldwin,17,/players/b/baldwwa01.html
2016,Henry Ellenson,18,/players/e/ellenhe01.html
2016,Malik Beasley,19,/players/b/beaslma01.html
2016,Caris LeVert,20,/players/l/leverca01.html
2016,DeAndre' Bembry,21,/players/b/bembrde01.html
2016,Malachi Richardson,22,/players/r/richama01.html
2016,Ante Žižić,23,/players/z/zizican01.html
2016,Timothé Luwawu-Cabarrot,24,/players/l/luwawti01.html
2016,Brice Johnson,25,/players/j/johnsbr02.html
2016,Furkan Korkmaz,26,/players/k/korkmfu01.html
2016,Pascal Siakam,27,/players/s/siakapa01.html
2016,Skal Labissière,28,/players/l/labissk01.html
2016,Dejounte Murray,29,/players/m/murrade01.html
2016,Damian Jones,30,/players/j/jonesda03.html
2016,Deyonta Davis,31,/players/d/davisde01.html
2016,Ivica Zubac,32,/players/z/zubaciv01.html
2016,Cheick Diallo,33,/players/d/diallch01.html
2016,Tyler Ulis,34,/players/u/ulisty01.html
2016,Rade Zagorac,35,/players/z/zagorra01.html
2016,Malcolm Brogdon,36,/players/b/brogdma01.html
2016,Chinanu Onuaku,37,/players/o/onuakch01.html
2016,Patrick McCaw,38,/players/m/mccawpa01.html
2016,David Michineau,39,/players/m/michida01.html
2016,Diamond Stone,40,/players/s/stonedi01.html
2016,Stephen Zimmerman,41,/players/z/zimmest01.html
2016,Isaiah Whitehead,42,/players/w/whiteis01.html
2016,Zhou Qi,43,/players/q/qizh01.html
2016,Isaïa Cordinier,44,/players/c/cordiis01.html
2016,Demetrius Jackson,45,/players/j/jacksde01.html
2016,A.J. Hammons,46,/players/h/hammoaj01.html
2016,Jake Layman,47,/players/l/laymaja01.html
2016,Paul Zipser,48,/players/z/zipsepa01.html
2016,Michael Gbinije,49,/players/g/gbinimi01.html
2016,Georges Niang,50,/players/n/niangge01.html
2016,Ben Bentil,51,/players/b/bentibe01.html
2016,Joel Bolomboy,52,/players/b/bolomjo01.html
2016,Petr Cornelie,53,/players/c/cornepe01.html
2016,Kay Felder,54,/players/f/feldeka01.html
2016,Marcus Paige,55,/players/p/paigema01.html
2016,Daniel Hamilton,56,/players/h/hamilda02.html
2016,Wang Zhelin,57,/players/s/sheliwa01.html
2016,Abdel Nader,58,/players/n/naderab01.html
2016,Isaiah Cousins,59,/players/c/cousiis01.html
2016,Tyrone Wallace,60,/players/w/wallaty01.html
2017,Markelle Fultz,1,/players/f/fultzma01.html
2017,Lonzo Ball,2,/players/b/balllo01.html
2017,Jayson Tatum,3,/players/t/tatumja01.html
2017,Josh Jackson,4,/players/j/jacksjo02.html
2017,De'Aaron Fox,5,/players/f/foxde01.html
2017,Jonathan Isaac,6,/players/i/isaacjo01.html
2017,Lauri Markkanen,7,/players/m/markkla01.html
2017,Frank Ntilikina,8,/players/n/ntilila01.html
2017,Dennis Smith Jr.,9,/players/s/smithde03.html
2017,Zach Collins,10,/players/c/colliza01.html
2017,Malik Monk,11,/players/m/monkma01.html
2017,Luke Kennard,12,/players/k/kennalu01.html
2017,Donovan Mitchell,13,/players/m/mitchdo01.html
2017,Bam Adebayo,14,/players/a/adebaba01.html
2017,Justin Jackson,15,/players/j/jacksju01.html
2017,Justin Patton,16,/players/p/pattoju01.html
2017,D.J. Wilson,17,/players/w/wilsodj01.html
2017,T.J. Leaf,18,/players/l/leaftj01.html
2017,John Collins,19,/players/c/collijo01.html
2017,Harry Giles,20,/players/g/gilesha01.html
2017,Terrance Ferguson,21,/players/f/fergute01.html
2017,Jarrett Allen,22,/players/a/allenja01.html
2017,OG Anunoby,23,/players/a/anunoog01.html
2017,Tyler Lydon,24,/players/l/lydonty01.html
2017,Anžejs Pasečņiks,25,/players/p/pasecan01.html
2017,Caleb Swanigan,26,/players/s/swanica01.html
2017,Kyle Kuzma,27,/players/k/kuzmaky01.html
2017,Tony Bradley,28,/players/b/bradlto01.html
2017,Derrick White,29,/players/w/whitede01.html
2017,Josh Hart,30,/players/h/hartjo01.html
2017,Frank Jackson,31,/players/j/jacksfr01.html
2017,Davon Reed,32,/players/r/reedda01.html
2017,Wes Iwundu,33,/players/i/iwundwe01.html
2017,Frank Mason III,34,/players/m/masonfr01.html
2017,Ivan Rabb,35,/players/r/rabbiv01.html
2017,Jonah Bolden,36,/players/b/boldejo01.html
2017,Semi Ojeleye,37,/players/o/ojelese01.html
2017,Jordan Bell,38,/players/b/belljo01.html
2017,Jawun Evans,39,/players/e/evansja01.html
2017,Dwayne Bacon,40,/players/b/bacondw01.html
2017,Tyler Dorsey,41,/players/d/dorsety01.html
2017,Thomas Bryant,42,/players/b/bryanth01.html
2017,Isaiah Hartenstein,43,/players/h/harteis01.html
2017,Damyean Dotson,44,/players/d/dotsoda01.html
2017,Dillon Brooks,45,/players/b/brookdi01.html
2017,Sterling Brown,46,/players/b/brownst02.html
2017,Ike Anigbogu,47,/players/a/anigbik01.html
2017,Sindarius Thornwell,48,/players/t/thornsi01.html
2017,Vlatko Čančar,49,/players/c/cancavl01.html
2017,Mathias Lessort,50,/players/l/lessoma01.html
2017,Monte Morris,51,/players/m/morrimo01.html
2017,Edmond Sumner,52,/players/s/sumneed01.html
2017,Kadeem Allen,53,/players/a/allenka01.html
2017,Alec Peters,54,/players/p/peteral01.html
2017,Nigel Williams-Goss,55,/players/w/willini01.html
2017,Jabari Bird,56,/players/b/birdja01.html
2017,Sasha Vezenkov,57,/players/v/vezenal01.html
2017,Ognjen Jaramaz,58,/players/j/jaramog01.html
2017,Jaron Blossomgame,59,/players/b/blossja01.html
2017,Alpha Kaba,60,/players/k/kabaal01.html
2018,Deandre Ayton,1,/players/a/aytonde01.html
2018,Marvin Bagley III,2,/players/b/baglema01.html
2018,Luka Dončić,3,/players/d/doncilu01.html
2018,Jaren Jackson Jr.,4,/players/j/jacksja02.html
2018,Trae Young,5,/players/y/youngtr01.html
2018,Mo Bamba,6,/players/b/bambamo01.html
2018,Wendell Carter Jr.,7,/players/c/cartewe01.html
2018,Collin Sexton,8,/players/s/sextoco01.html
2018,Kevin Knox,9,/players/k/knoxke01.html
2018,Mikal Bridges,10,/players/b/bridgmi01.html
2018,Shai Gilgeous-Alexander,11,/players/g/gilgesh01.html
2018,Miles Bridges,12,/players/b/bridgmi02.html
2018,Jerome Robinson,13,/players/r/robinje01.html
2018,Michael Porter Jr.,14,/players/p/portemi01.html
2018,Troy Brown Jr.,15,/players/b/browntr01.html
2018,Zhaire Smith,16,/players/s/smithzh01.html
2018,Donte DiVincenzo,17,/players/d/divindo01.html
2018,Lonnie Walker IV,18,/players/w/walkelo01.html
2018,Kevin Huerter,19,/players/h/huertke01.html
2018,Josh Okogie,20,/players/o/okogijo01.html
2018,Grayson Allen,21,/players/a/allengr01.html
2018,Chandler Hutchison,22,/players/h/hutchch01.html
2018,Aaron Holiday,23,/players/h/holidaa01.html
2018,Anfernee Simons,24,/players/s/simonan01.html
2018,Moritz Wagner,25,/players/w/wagnemo01.html
2018,Landry Shamet,26,/players/s/shamela01.html
2018,Robert Williams,27,/players/w/williro04.html
2018,Jacob Evans,28,/players/e/evansja02.html
2018,Džanan Musa,29,/players/m/musadz01.html
2018,Omari Spellman,30,/players/s/spellom01.html
2018,Elie Okobo,31,/players/o/okoboel01.html
2018,Jevon Carter,32,/players/c/carteje01.html
2018,Jalen Brunson,33,/players/b/brunsja01.html
2018,Devonte' Graham,34,/players/g/grahade01.html
2018,Melvin Frazier,35,/players/f/frazime01.html
2018,Mitchell Robinson,36,/players/r/robinmi01.html
2018,Gary Trent Jr.,37,/players/t/trentga02.html
2018,Khyri Thomas,38,/players/t/thomakh01.html
2018,Isaac Bonga,39,/players/b/bongais01.html
2018,Rodions Kurucs,40,/players/k/kurucro01.html
2018,Jarred Vanderbilt,41,/players/v/vandeja01.html
2018,Bruce Brown,42,/players/b/brownbr01.html
2018,Justin Jackson,43,/players/j/jacksju02.html
2018,Issuf Sanon,44,/players/s/sanonis01.html
2018,Hamidou Diallo,45,/players/d/diallha01.html
2018,De'Anthony Melton,46,/players/m/meltode01.html
2018,Svi Mykhailiuk,47,/players/m/mykhasv01.html
2018,Keita Bates-Diop,48,/players/b/bateske01.html
2018,Chimezie Metu,49,/players/m/metuch01.html
2018,Alize Johnson,50,/players/j/johnsal02.html
2018,Tony Carr,51,/players/c/carrto01.html
2018,Vince Edwards,52,/players/e/edwarvi01.html
2018,Devon Hall,53,/players/h/hallde01.html
2018,Shake Milton,54,/players/m/miltosh01.html
2018,Arnoldas Kulboka,55,/players/k/kulboar01.html
2018,Ray Spalding,56,/players/s/spaldra01.html
2018,Kevin Hervey,57,/players/h/herveke01.html
2018,Thomas Welsh,58,/players/w/welshth01.html
2018,George King,59,/players/k/kingge03.html
2018,Kostas Antetokounmpo,60,/players/a/antetko01.html
2019,Zion Williamson,1,/players/w/willizi01.html
2019,Ja Morant,2,/players/m/moranja01.html
2019,RJ Barrett,3,/players/b/barrerj01.html
2019,De'Andre Hunter,4,/players/h/huntede01.html
2019,Darius Garland,5,/players/g/garlada01.html
2019,Jarrett Culver,6,/players/c/culveja01.html
2019,Coby White,7,/players/w/whiteco01.html
2019,Jaxson Hayes,8,/players/h/hayesja02.html
2019,Rui Hachimura,9,/players/h/hachiru01.html
2019,Cam Reddish,10,/players/r/reddica01.html
2019,Cameron Johnson,11,/players/j/johnsca02.html
2019,P.J. Washington,12,/players/w/washipj01.html
2019,Tyler Herro,13,/players/h/herroty01.html
2019,Romeo Langford,14,/players/l/langfro01.html
2019,Sekou Doumbouya,15,/players/d/doumbse01.html
2019,Chuma Okeke,16,/players/o/okekech01.html
2019,Nickeil Alexander-Walker,17,/players/a/alexani01.html
2019,Goga Bitadze,18,/players/b/bitadgo01.html
2019,Luka Šamanić,19,/players/s/samanlu01.html
2019,Matisse Thybulle,20,/players/t/thybuma01.html
2019,Brandon Clarke,21,/players/c/clarkbr01.html
2019,Grant Williams,22,/players/w/willigr01.html
2019,Darius Bazley,23,/players/b/bazleda01.html
2019,Ty Jerome,24,/players/j/jeromty01.html
2019,Nassir Little,25,/players/l/littlna01.html
2019,Dylan Windler,26,/players/w/windldy01.html
2019,Mfiondu Kabengele,27,/players/k/kabenmf01.html
2019,Jordan Poole,28,/players/p/poolejo01.html
2019,Keldon Johnson,29,/players/j/johnske04.html
2019,Kevin Porter Jr.,30,/players/p/porteke02.html
2019,Nic Claxton,31,/players/c/claxtni01.html
2019,KZ Okpala,32,/players/o/okpalkz01.html
2019,Carsen Edwards,33,/players/e/edwarca01.html
2019,Bruno Fernando,34,/players/f/fernabr01.html
2019,Didi Louzada,35,/players/l/louzama01.html
2019,Cody Martin,36,/players/m/martico01.html
2019,Deividas Sirvydis,37,/players/s/sirvyde01.html
2019,Daniel Gafford,38,/players/g/gaffoda01.html
2019,Alen Smailagić,39,/players/s/smailal01.html
2019,Justin James,40,/players/j/jamesju01.html
2019,Eric Paschall,41,/players/p/pascher01.html
2019,Admiral Schofield,42,/players/s/schofad01.html
2019,Jaylen Nowell,43,/players/n/nowelja01.html
2019,Bol Bol,44,/players/b/bolbo01.html
2019,Isaiah Roby,45,/players/r/robyis01.html
2019,Talen Horton-Tucker,46,/players/h/hortota01.html
2019,Ignas Brazdeikis,47,/players/b/brazdig01.html
2019,Terance Mann,48,/players/m/mannte01.html
2019,Quinndary Weatherspoon,49,/players/w/weathqu01.html
2019,Jarrell Brantley,50,/players/b/brantja01.html
2019,Tremont Waters,51,/players/w/watertr01.html
2019,Jalen McDaniels,52,/players/m/mcdanja01.html
2019,Justin Wright-Foreman,53,/players/w/wrighju02.html
2019,Marial Shayok,54,/players/s/shayoma01.html
2019,Kyle Guy,55,/players/g/guyky01.html
2019,Jaylen Hands,56,/players/h/handsja01.html
2019,Jordan Bone,57,/players/b/bonejo01.html
2019,Miye Oni,58,/players/o/onimi01.html
2019,Dewan Hernandez,59,/players/h/hernade01.html
2019,Vanja Marinković,60,/players/m/marinva01.html
2020,Anthony Edwards,1,/players/e/edwaran01.html
2020,James Wiseman,2,/players/w/wisemja01.html
2020,LaMelo Ball,3,/players/b/ballla01.html
2020,Patrick Williams,4,/players/w/willipa01.html
2020,Isaac Okoro,5,/players/o/okorois01.html
2020,Onyeka Okongwu,6,/players/o/okongon01.html
2020,Killian Hayes,7,/players/h/hayeski01.html
2020,Obi Toppin,8,/players/t/toppiob01.html
2020,Deni Avdija,9,/players/a/avdijde01.html
2020,Jalen Smith,10,/players/s/smithja04.html
2020,Devin Vassell,11,/players/v/vassede01.html
2020,Tyrese Haliburton,12,/players/h/halibty01.html
2020,Kira Lewis Jr.,13,/players/l/lewiski01.html
2020,Aaron Nesmith,14,/players/n/nesmiaa01.html
2020,Cole Anthony,15,/players/a/anthoco01.html
2020,Isaiah Stewart,16,/players/s/stewais01.html
2020,Aleksej Pokusevski,17,/players/p/pokusal01.html
2020,Josh Green,18,/players/g/greenjo02.html
2020,Saddiq Bey,19,/players/b/beysa01.html
2020,Precious Achiuwa,20,/players/a/achiupr01.html
2020,Tyrese Maxey,21,/players/m/maxeyty01.html
2020,Zeke Nnaji,22,/players/n/nnajize01.html
2020,Leandro Bolmaro,23,/players/b/bolmale01.html
2020,R.J. Hampton,24,/players/h/hamptrj01.html
2020,Immanuel Quickley,25,/players/q/quickim01.html
2020,Payton Pritchard,26,/players/p/pritcpa01.html
2020,Udoka Azubuike,27,/players/a/azubuud01.html
2020,Jaden McDaniels,28,/players/m/mcdanja02.html
2020,Malachi Flynn,29,/players/f/flynnma01.html
2020,Desmond Bane,30,/players/b/banede01.html
2020,Tyrell Terry,31,/players/t/terryty01.html
2020,Vernon Carey Jr.,32,/players/c/careyve01.html
2020,Daniel Oturu,33,/players/o/oturuda01.html
2020,Théo Maledon,34,/players/m/maledth01.html
2020,Xavier Tillman Sr.,35,/players/t/tillmxa01.html
2020,Tyler Bey,36,/players/b/beyty01.html
2020,Vit Krejci,37,/players/k/krejcvi01.html
2020,Saben Lee,38,/players/l/leesa01.html
2020,Elijah Hughes,39,/players/h/hugheel01.html
2020,Robert Woodard II,40,/players/w/woodaro01.html
2020,Tre Jones,41,/players/j/jonestr01.html
2020,Nick Richards,42,/players/r/richani01.html
2020,Jahmi'us Ramsey,43,/players/r/ramseja01.html
2020,Marko Simonovic,44,/players/s/simonma01.html
2020,Jordan Nwora,45,/players/n/nworajo01.html
2020,CJ Elleby,46,/players/e/ellebcj01.html
2020,Yam Madar,47,/players/m/madarya01.html
2020,Nico Mannion,48,/players/m/mannini01.html
2020,Isaiah Joe,49,/players/j/joeis01.html
2020,Skylar Mays,50,/players/m/mayssk01.html
2020,Justinian Jessup,51,/players/j/jessuju01.html
2020,Kenyon Martin Jr.,52,/players/m/martike04.html
2020,Cassius Winston,53,/players/w/winstca01.html
2020,Cassius Stanley,54,/players/s/stanlca01.html
2020,Jay Scrubb,55,/players/s/scrubja01.html
2020,Grant Riller,56,/players/r/rillegr01.html
2020,Reggie Perry,57,/players/p/perryre01.html
2020,Paul Reed,58,/players/r/reedpa01.html
2020,Jalen Harris,59,/players/h/harrija01.html
2020,Sam Merrill,60,/players/m/merrisa01.html
2021,Cade Cunningham,1,/players/c/cunnica01.html
2021,Jalen Green,2,/players/g/greenja05.html
2021,Evan Mobley,3,/players/m/mobleev01.html
2021,Scottie Barnes,4,/players/b/barnesc01.html
2021,Jalen Suggs,5,/players/s/suggsja01.html
2021,Josh Giddey,6,/players/g/giddejo01.html
2021,Jonathan Kuminga,7,/players/k/kuminjo01.html
2021,Franz Wagner,8,/players/w/wagnefr01.html
2021,Davion Mitchell,9,/players/m/mitchda01.html
2021,Ziaire Williams,10,/players/w/willizi02.html
2021,James Bouknight,11,/players/b/bouknja01.html
2021,Joshua Primo,12,/players/p/primojo01.html
2021,Chris Duarte,13,/players/d/duartch01.html
2021,Moses Moody,14,/players/m/moodymo01.html
2021,Corey Kispert,15,/players/k/kispeco01.html
2021,Alperen Şengün,16,/players/s/sengual01.html
2021,Trey Murphy III,17,/players/m/murphtr02.html
2021,Tre Mann,18,/players/m/manntr01.html
2021,Kai Jones,19,/players/j/joneska01.html
2021,Jalen Johnson,20,/players/j/johnsja05.html
2021,Keon Johnson,21,/players/j/johnske07.html
2021,Isaiah Jackson,22,/players/j/jacksis01.html
2021,Usman Garuba,23,/players/g/garubus01.html
2021,Josh Christopher,24,/players/c/chrisjo01.html
2021,Quentin Grimes,25,/players/g/grimequ01.html
2021,Bones Hyland,26,/players/h/hylanbo01.html
2021,Cam Thomas,27,/players/t/thomaca02.html
2021,Jaden Springer,28,/players/s/sprinja01.html
2021,Day'Ron Sharpe,29,/players/s/sharpda01.html
2021,Santi Aldama,30,/players/a/aldamsa01.html
2021,Isaiah Todd,31,/players/t/toddis01.html
2021,Jeremiah Robinson-Earl,32,/players/r/robinje02.html
2021,Jason Preston,33,/players/p/prestja01.html
2021,Rokas Jokubaitis,34,/players/j/jokubro01.html
2021,Herbert Jones,35,/players/j/joneshe01.html
2021,Miles McBride,36,/players/m/mcbrimi01.html
2021,JT Thor,37,/players/t/thorjt01.html
2021,Ayo Dosunmu,38,/players/d/dosunay01.html
2021,Neemias Queta,39,/players/q/quetane01.html
2021,Jared Butler,40,/players/b/butleja02.html
2021,Joe Wieskamp,41,/players/w/wieskjo01.html
2021,Isaiah Livers,42,/players/l/liveris01.html
2021,Greg Brown III,43,/players/b/browngr01.html
2021,Kessler Edwards,44,/players/e/edwarke02.html
2021,Juhann Begarin,45,/players/b/begarju01.html
2021,Dalano Banton,46,/players/b/bantoda01.html
2021,David Johnson,47,/players/j/johnsda08.html
2021,Sharife Cooper,48,/players/c/coopesh01.html
2021,Marcus Zegarowski,49,/players/z/zegarma01.html
2021,Filip Petrušev,50,/players/p/petrufi01.html
2021,Brandon Boston Jr.,51,/players/b/bostobr01.html
2021,Luka Garza,52,/players/g/garzalu01.html
2021,Charles Bassey,53,/players/b/bassech01.html
2021,Sandro Mamukelashvili,54,/players/m/mamuksa01.html
2021,Aaron Wiggins,55,/players/w/wiggiaa01.html
2021,Scottie Lewis,56,/players/l/lewissc01.html
2021,Balša Koprivica,57,/players/k/kopriba01.html
2021,Jericho Sims,58,/players/s/simsje01.html
2021,RaiQuan Gray,59,/players/g/grayra01.html
2021,Georgios Kalaitzakis,60,/players/k/kalaige01.html
2022,Paolo Banchero,1,/players/b/banchpa01.html
2022,Chet Holmgren,2,/players/h/holmgch01.html
2022,Jabari Smith Jr.,3,/players/s/smithja05.html
2022,Keegan Murray,4,/players/m/murrake02.html
2022,Jaden Ivey,5,/players/i/iveyja01.html
2022,Bennedict Mathurin,6,/players/m/mathube01.html
2022,Shaedon Sharpe,7,/players/s/sharpsh01.html
2022,Dyson Daniels,8,/players/d/daniedy01.html
2022,Jeremy Sochan,9,/players/s/sochaje01.html
2022,Johnny Davis,10,/players/d/davisjo06.html
2022,Ousmane Dieng,11,/players/d/diengou01.html
2022,Jalen Williams,12,/players/w/willija06.html
2022,Jalen Duren,13,/players/d/durenja01.html
2022,Ochai Agbaji,14,/players/a/agbajoc01.html
2022,Mark Williams,15,/players/w/willima07.html
2022,AJ Griffin,16,/players/g/griffaj01.html
2022,Tari Eason,17,/players/e/easonta01.html
2022,Dalen Terry,18,/players/t/terryda01.html
2022,Jake LaRavia,19,/players/l/laravja01.html
2022,Malaki Branham,20,/players/b/branhma01.html
2022,Christian Braun,21,/players/b/braunch01.html
2022,Walker Kessler,22,/players/k/kesslwa01.html
2022,David Roddy,23,/players/r/roddyda01.html
2022,MarJon Beauchamp,24,/players/b/beaucma01.html
2022,Blake Wesley,25,/players/w/weslebl01.html
2022,Wendell Moore Jr.,26,/players/m/moorewe01.html
2022,Nikola Jović,27,/players/j/jovicni01.html
2022,Patrick Baldwin Jr.,28,/players/b/baldwpa01.html
2022,TyTy Washington Jr.,29,/players/w/washity02.html
2022,Peyton Watson,30,/players/w/watsope01.html
2022,Andrew Nembhard,31,/players/n/nembhan01.html
2022,Caleb Houstan,32,/players/h/houstca01.html
2022,Christian Koloko,33,/players/k/kolokch01.html
2022,Jaylin Williams,34,/players/w/willija07.html
2022,Max Christie,35,/players/c/chrisma02.html
2022,Gabriele Procida,36,/players/p/prociga01.html
2022,Jaden Hardy,37,/players/h/hardyja02.html
2022,Kennedy Chandler,38,/players/c/chandke01.html
2022,Khalifa Diop,39,/players/d/diopkh01.html
2022,Bryce McGowens,40,/players/m/mcgowbr01.html
2022,E.J. Liddell,41,/players/l/liddeej01.html
2022,Trevor Keels,42,/players/k/keelstr01.html
2022,Moussa Diabaté,43,/players/d/diabamo01.html
2022,Ryan Rollins,44,/players/r/rolliry01.html
2022,Josh Minott,45,/players/m/minotjo01.html
2022,Ismael Kamagate,46,/players/k/kamagis01.html
2022,Vince Williams Jr.,47,/players/w/willivi01.html
2022,Kendall Brown,48,/players/b/brownke03.html
2022,Isaiah Mobley,49,/players/m/mobleis01.html
2022,Matteo Spagnolo,50,/players/s/spagnma01.html
2022,Tyrese Martin,51,/players/m/martity01.html
2022,Karlo Matković,52,/players/m/matkoka01.html
2022,JD Davison,53,/players/d/davisjd01.html
2022,Yannick Nzosa,54,/players/n/nzosaya01.html
2022,Gui Santos,55,/players/s/santogu01.html
2022,Luke Travers,56,/players/t/travelu01.html
2022,Jabari Walker,57,/players/w/walkeja01.html
2022,Hugo Besson,58,/players/b/bessohu01.html
